,Video_Title,Date_Posted,Likes,Dislikes,Views,Comments,Length,Resolution,Speaker_Sex,URL,Normalized_Likes,Normalized_Dislikes,Normalized_Views,Normalized_
1,Mena Trott: How blogs are building a friendlier world,01/16/2007,95,18,13212,4,17:32,SD,F,https://www.youtube.com/watch?v=RlBTxuWCuL8,0.000104819,0.001194911,0.000380298,0.000117032
4,Gregory Stock: To upgrade is human,04/14/2009,464,64,41508,204,17:52,SD,M,https://www.youtube.com/watch?v=hVsnkRoYfX0,0.001313518,0.0044282,0.001745201,0.00791917
6,"Zainab Salbi: Women, wartime and the dream of peace",11/24/2010,831,106,57612,159,19:47,SD,F,https://www.youtube.com/watch?v=SS8T-f2srSw,0.002515666,0.007380333,0.002522004,0.006163689
7,The power of vulnerability ,01/03/2011,192116,3976,13897900,3877,20:50,SD,F,https://www.youtube.com/watch?v=iCvmsMzlF7o,0.629090004,0.279398327,0.670130861,0.15120543
8,On being wrong ,04/26/2011,6551,210,565268,451,17:52,SD,F,https://www.youtube.com/watch?v=QleRgTBMX88,0.021252133,0.014690377,0.027009619,0.01755481
9,The power of introverts ,03/02/2012,246615,3061,10850906,14437,19:05,HD,F,https://www.youtube.com/watch?v=c0KYU2j0TM4,0.807607268,0.215083995,0.523154137,0.563158305
10,The power of herd immunity (with English subtitles) ,02/25/2015,546,123,53869,451,14:46,HD,F,https://www.youtube.com/watch?v=dWObti8KNc4,0.001582118,0.008575244,0.002341454,0.01755481
11,Anand Giridharadas: A tale of two Americas. And the mini-mart where they collided,03/24/2015,12100,342,475818,1006,19:28,HD,M,https://www.youtube.com/watch?v=8i-pNVj5KMw,0.039428472,0.023968511,0.022694852,0.039205742
12,"Adam Garone: Healthier men, one moustache at a time",07/14/2015,141,8,10649,13,16:38,HD,M,https://www.youtube.com/watch?v=sFNmulAb4wM,0.000255497,0.000492022,0.000256667,0.000468128
13,Emma Teeling: The secret of the bat genome,07/15/2015,63,1,5328,1,16:23,HD,F,https://www.youtube.com/watch?v=GROCkg810R0,0,0,0,0
14,The Exhilarating Peace of Freediving ,01/06/2016,3857,224,183505,197,19:11,HD,M,https://www.youtube.com/watch?v=Rai3pwH3XrU,0.01242765,0.015674422,0.008594658,0.007646095
15,Inside the mind of a former radical jihadist ,11/14/2016,21100,1443,988954,3274,17:23,HD,M,https://www.youtube.com/watch?v=zwpiI18TBdE,0.068908928,0.101356576,0.047446804,0.127681985
16,It's time for women to run for office ,12/02/2016,1112,3096,49377,729,19:19,HD,F,https://www.youtube.com/watch?v=uYaF8p_TNSU,0.003436111,0.217544106,0.002124775,0.028399782
17,Islamophobia killed my brother. Let's end the hate ,12/05/2016,47159,7716,935539,8079,14:49,HD,F,https://www.youtube.com/watch?v=XiEQmcZi8cM,0.154267951,0.542278766,0.044870244,0.315128345
18,How to speak up for yourself ,12/16/2016,12050,436,652316,260,15:09,HD,M,https://www.youtube.com/watch?v=MEDgtjpycYg,0.039264692,0.030575666,0.031208521,0.010103768
19,Inge Missmahl brings peace to the minds of Afghanistan,09/29/2010,205,15,21979,51,13:51,SD,F,https://www.youtube.com/watch?v=Jc2F3-nawnI,0.000465136,0.000984044,0.000803188,0.001950534
20,Letting go of God ,01/16/2007,11123,2055,850457,5431,17:18,SD,F,https://www.youtube.com/watch?v=OtIyx687ytk,0.036228205,0.144373375,0.040766175,0.211828041
21,Shukla Bose: Teaching one child at a time,03/30/2010,449,34,53008,57,16:54,SD,F,https://www.youtube.com/watch?v=n8eyF4UWG38,0.001264384,0.002319533,0.002299923,0.002184599
22,Mark Roth: Suspended animation is within our grasp,03/15/2010,1419,34,90290,253,18:42,SD,M,https://www.youtube.com/watch?v=uVAaZVz9pDs,0.004441722,0.002319533,0.004098281,0.009830694
23,A call to men ,12/10/2010,10442,530,635931,1947,11:46,SD,M,https://www.youtube.com/watch?v=td1PbsV6B80,0.033997517,0.037182821,0.030418164,0.075914801
24,The sound the universe makes ,03/15/2011,2043,133,166282,325,17:44,SD,F,https://www.youtube.com/watch?v=eLz9TvxGoKs,0.0064857,0.009278133,0.007763879,0.012639463
25,"Tim Harford: Trial, error and the God complex",07/15/2011,4870,130,293322,391,18:07,SD,M,https://www.youtube.com/watch?v=K5wCfYujRdE,0.015745839,0.009067266,0.01389186,0.015214169
26,Rory Stewart: Why democracy matters,10/29/2012,801,254,66549,477,13:42,HD,M,https://www.youtube.com/watch?v=IuQZ21spTRg,0.002417397,0.017783088,0.002953095,0.018569088
27,"Bono: The good news on poverty (Yes, there's good news)",03/14/2013,2663,531,225269,730,13:58,SD,M,https://www.youtube.com/watch?v=BdDkF0Lw-ag,0.008516576,0.03725311,0.010609213,0.028438792
28,Lesley Hazleton: The doubt essential to faith,06/24/2013,7580,664,322020,1619,13:46,HD,F,https://www.youtube.com/watch?v=6ORDQFh0Byw,0.024622732,0.046601532,0.015276155,0.063119295
29,"Abha Dawesar: Life in the ""digital now""",10/30/2013,1248,451,153554,186,12:02,HD,F,https://www.youtube.com/watch?v=lV3trdyDdHE,0.003881593,0.031629999,0.007149923,0.007216977
30,Why good leaders make you feel safe ,05/19/2014,84724,1554,5621418,1564,12:00,HD,M,https://www.youtube.com/watch?v=lmyZMtPVodo,0.277316099,0.109158642,0.270901258,0.060973707
31,"Debra Jarvis: Yes, I survived cancer. But that doesn't define me",10/30/2014,742,49,55597,54,16:14,HD,F,https://www.youtube.com/watch?v=4n8qT0vQbWk,0.002224137,0.003373867,0.002424807,0.002067567
32,Dilip Ratha: The hidden force in global economics: sending money home,10/09/2014,1258,30,82030,107,17:04,HD,M,https://www.youtube.com/watch?v=Oj8eFu72_fc,0.003914349,0.002038378,0.003699846,0.004135133
33,How to practice emotional first aid ,02/16/2015,151221,1260,3783484,2884,17:29,HD,M,https://www.youtube.com/watch?v=F2hc2FLOdhI,0.495134087,0.088493709,0.182245515,0.112467816
34,Why humans run the world ,07/24/2015,51777,1504,2059281,2938,17:09,HD,M,https://www.youtube.com/watch?v=nzj7Wg4DAbs,0.169394701,0.105644198,0.099075772,0.114574393
35,My year of saying yes to everything ,03/09/2016,37033,1199,1402551,1521,18:45,HD,F,https://www.youtube.com/watch?v=gmj-azFbpkA,0.121099162,0.084206087,0.067397329,0.059296247
36,The voices in my head ,08/08/2013,32298,602,2015823,2049,14:18,HD,F,https://www.youtube.com/watch?v=syjEN3peCJw,0.105589167,0.042243621,0.096979504,0.079893891
37,Yasheng Huang: Does democracy stifle economic growth?,09/12/2011,899,126,65610,307,18:52,SD,M,https://www.youtube.com/watch?v=UR-uWwvpn5c,0.002738407,0.008786111,0.002907801,0.011937271
38,"Paul Zak: Trust, morality - and oxytocin",11/01/2011,5112,181,273663,447,16:35,SD,M,https://www.youtube.com/watch?v=rFAdlU2ETjU,0.016538536,0.012652,0.012943576,0.017398767
39,Bobby Ghosh: Why global jihad is losing,12/03/2012,1044,259,44212,534,16:32,HD,M,https://www.youtube.com/watch?v=aeVt_WlH1qY,0.00321337,0.018134533,0.001875633,0.020792697
40,Roz Savage: Why I'm rowing across the Pacific,04/28/2010,528,38,41812,72,17:21,SD,F,https://www.youtube.com/watch?v=dXqPaHQp4Xw,0.001523157,0.002600689,0.001759865,0.002769759
41,The Untapped Genius That Could Change Science for the Better ,01/07/2016,900,642,55538,459,13:43,HD,F,https://www.youtube.com/watch?v=3NdSVi38RM8,0.002741682,0.045055177,0.002421961,0.017866896
42,Why the best hire might not have the perfect resume ,12/21/2015,7692,256,536505,351,10:32,HD,F,https://www.youtube.com/watch?v=jiDQDLnEXdA,0.0249896,0.017923666,0.025622189,0.013653741
43,How to escape education's death valley ,05/10/2013,101816,1550,4811287,5509,19:12,HD,M,https://www.youtube.com/watch?v=wX78iKhInsc,0.333302761,0.108877486,0.231823268,0.214870875
44,How humans could evolve to survive in space ,04/21/2016,4239,238,177395,559,12:52,HD,F,https://www.youtube.com/watch?v=CtvIX4s1bTU,0.013678932,0.016658466,0.008299932,0.021767964
45,Mustafa Akyol: Faith versus tradition in Islam,05/26/2011,1563,747,104125,691,17:13,SD,M,https://www.youtube.com/watch?v=5tUn_uoYKoE,0.004913409,0.05243551,0.004765634,0.026917375
46,Alice Dreger: Is anatomy destiny?,06/10/2011,1550,114,106643,257,18:49,SD,F,https://www.youtube.com/watch?v=59-Rn1_kWAA,0.004870826,0.007942644,0.004887094,0.009986736
47,Wadah Khanfar: A historic moment in the Arab world,03/05/2011,353,29,27452,42,17:13,HD,M,https://www.youtube.com/watch?v=yKQnL9Mmgng,0.000949926,0.001968089,0.001067187,0.001599438
48,Defend our freedom to share (or why SOPA is a bad idea) ,01/18/2012,9789,70,506766,847,14:00,SD,M,https://www.youtube.com/watch?v=9h2dF-IsH0I,0.031858546,0.004849933,0.024187679,0.033003043
49,Heather Brooke: My battle to expose government corruption,10/18/2012,4263,126,204973,769,18:58,HD,F,https://www.youtube.com/watch?v=sYUjyH8Y0No,0.013757546,0.008786111,0.009630202,0.029960209
50,How childhood trauma affects health across a lifetime ,02/17/2015,96249,1123,3508205,6460,16:03,HD,F,https://www.youtube.com/watch?v=95ovIJ3dsNk,0.315067461,0.078864132,0.168966983,0.25197004
51,Richard Baraniuk on open-source learning,01/12/2007,527,29,98699,98,19M20S,sd,M,https://www.youtube.com/watch?v=RRymi-lFHpE,0.001519881,0.001968089,0.004503902,0.003784037
52,"David Keith: A surprising idea for ""solving"" climate change",11/15/2007,520,311,80908,502,16M5S,sd,M,https://www.youtube.com/watch?v=XkEys3PeseA,0.001496952,0.021789555,0.003645725,0.019544355
53,Eleni Gabre-Madhin: Building a commodities market in Ethiopia,10/26/2007,219,15,79800,68,20M47S,sd,F,https://www.youtube.com/watch?v=9ZwNaaJxw40,0.000510995,0.000984044,0.003592278,0.002613716
54,"Paul Collier: 4 ways to improve the lives of the ""bottom bil",06/02/2008,250,21,50386,72,18M56S,sd,M,https://www.youtube.com/watch?v=VhAD0dMslB8,0.000612538,0.001405778,0.002173446,0.002769759
55,Rick Guidotti: From stigma to supermodel,07/15/2015,122,5,11349,5,18M9S,hd,M,https://www.youtube.com/watch?v=I4PU2JlhO80,0.000193261,0.000281156,0.000290433,0.000156043
56,Benjamin Barber: Why mayors should rule the world,09/20/2013,1125,194,99296,309,18M6S,hd,M,https://www.youtube.com/watch?v=P-lBlZ3hqKc,0.003478694,0.013565755,0.0045327,0.012015292
57,Boghuma Kabisen Titanji: Ethical riddles in HIV research,01/10/2013,310,62,38824,60,11M11S,hd,F,https://www.youtube.com/watch?v=FcecqQkyKoM,0.000809075,0.004287622,0.001615734,0.002301631
58,Karen Tse: How to stop torture,12/22/2011,539,34,38537,118,12M44S,sd,F,https://www.youtube.com/watch?v=vEli4dfAXrM,0.001559189,0.002319533,0.00160189,0.004564251
59,Paul Collier's new rules for rebuilding a broken nation,06/24/2009,267,35,28674,73,16M35S,sd,M,https://www.youtube.com/watch?v=TvW4yugCPZo,0.000668224,0.002389822,0.001126132,0.00280877
60,The economic injustice of plastic ,01/21/2011,610,182,44496,224,13M20S,sd,M,https://www.youtube.com/watch?v=FjvjSlpJoqo,0.001791757,0.012722289,0.001889332,0.008699384
61,Diana Nyad: Extreme swimming with the world's most dangerous jellyfish,01/24/2012,1207,54,88739,164,16M58S,sd,F,https://www.youtube.com/watch?v=c6mhFgAjqwA,0.003747294,0.003725311,0.004023466,0.006358742
62,"Ariel Garten: Know thyself, with a brain scanner",01/26/2012,571,328,60507,268,15M5S,sd,F,https://www.youtube.com/watch?v=8rzlrItooG4,0.001664008,0.022984466,0.002661649,0.010415854
63,Trita Parsi: Iran and Israel: Peace is possible,10/09/2013,785,116,58353,236,10M46S,hd,M,https://www.youtube.com/watch?v=8w-OZFBcwZc,0.002364988,0.008083222,0.002557747,0.009167512
64,Stefan Larsson: What doctors can learn from each other,11/14/2013,745,22,53325,37,12M57S,hd,M,https://www.youtube.com/watch?v=AFRmGkdXkxA,0.002233963,0.001476067,0.002315214,0.001404385
65,Rev. Tom Honey: How could God have allowed the tsunami?,05/17/2007,300,83,33280,150,21M30S,sd,M,https://www.youtube.com/watch?v=2wdkxdiOFJA,0.000776319,0.005763689,0.00134831,0.005812593
66,"Jessica Jackley: Poverty, money -- and love",10/18/2010,1604,140,147852,328,18M34S,sd,F,https://www.youtube.com/watch?v=Cqj0sgrNL10,0.005047709,0.009770155,0.006874878,0.012756495
67,"Gayle Tzemach Lemmon: Women entrepreneurs, example not exception",01/27/2012,776,419,75770,288,13M17S,sd,F,https://www.youtube.com/watch?v=vw5HJhIlJp4,0.002335507,0.029380755,0.003397885,0.011196068
68,"Lisa Gansky: The future of business is the ""mesh""",02/18/2011,195,67,35505,41,14M48S,sd,F,https://www.youtube.com/watch?v=IHBGLHgIWJM,0.00043238,0.004639067,0.001455637,0.001560428
69,Dalia Mogahed: The attitudes that sparked Arab Spring,05/30/2012,1073,255,73329,269,14M33S,hd,F,https://www.youtube.com/watch?v=RG5QP2EVUVY,0.003308362,0.017853377,0.003280139,0.010454865
70,Your brain on video games ,11/19/2012,167876,11338,6331536,22826,17M58S,hd,F,https://www.youtube.com/watch?v=FktsFcooIG8,0.549689309,0.796865116,0.305154957,0.890418975
71,"Jacqueline Novogratz: Tackling poverty with ""patient capita",08/14/2007,127,15,24999,5,20M21S,sd,F,https://www.youtube.com/watch?v=H6kBP9b3I90,0.000209639,0.000984044,0.000948863,0.000156043
72,Annie Murphy Paul: What we learn before we're born,11/29/2011,1507,91,201754,144,16M47S,sd,F,https://www.youtube.com/watch?v=stngBN4hp14,0.004729975,0.006326,0.009474928,0.005578529
73,Greening the ghetto ,01/07/2007,1477,53,163148,86,19M16S,sd,F,https://www.youtube.com/watch?v=gQ-cZRmHfs4,0.004631707,0.003655022,0.007612705,0.003315909
74,Bjorn Lomborg: Global priorities bigger than climate change,01/12/2007,2124,359,265517,897,17M28S,sd,M,https://www.youtube.com/watch?v=Dtbn9zBfJSs,0.006751024,0.025163422,0.012550641,0.034953577
75,The opportunity of adversity ,02/19/2010,3643,249,545375,404,21M59S,sd,F,https://www.youtube.com/watch?v=dTwXeZ4GkzI,0.01172667,0.017431644,0.026050048,0.015721308
76,"Smash fear, learn anything ",04/16/2009,12112,472,944064,505,16M26S,sd,M,https://www.youtube.com/watch?v=iPE2_iCCo0w,0.039467779,0.033106066,0.045281461,0.019661387
77,Jimmy Carter: Why I believe the mistreatment of women is the number one human rights abuse,06/30/2015,3987,863,161239,1118,16M37S,hd,M,https://www.youtube.com/watch?v=wfW3aZCFfLA,0.012853479,0.060589021,0.007520621,0.04357494
78,Aspen Baker: A better way to talk about abortion,07/14/2015,2661,1451,180919,1904,10M59S,hd,F,https://www.youtube.com/watch?v=P5Mpo4JQZhw,0.008510025,0.101918887,0.008469918,0.074237341
79,"Stanley McChrystal: Listen, learn ... then lead",04/06/2011,3774,277,511546,330,15M39S,sd,M,https://www.youtube.com/watch?v=FmpIMt95ndU,0.012155775,0.019399733,0.024418251,0.012834517
80,Dan Barber: How I fell in love with a fish,03/10/2010,3609,105,272103,270,19M31S,sd,M,https://www.youtube.com/watch?v=4EUAMe2ixCI,0.0116153,0.007310044,0.012868327,0.010493875
81,Paddy Ashdown: The global power shift,01/05/2012,1681,267,124737,380,18M30S,sd,M,https://www.youtube.com/watch?v=zuAj2F54bdo,0.005299931,0.018696844,0.005759888,0.014785051
82,Brian Goldman: Doctors make mistakes. Can we talk about that?,01/25/2012,4752,58,286170,386,19M29S,sd,M,https://www.youtube.com/watch?v=iUbfRzxNy20,0.015359318,0.004006467,0.013546872,0.015019115
83,"Leymah Gbowee: Unlock the intelligence, passion, greatness of girls",03/28/2012,2494,276,177653,313,14M40S,hd,F,https://www.youtube.com/watch?v=QxkxcsrveLw,0.007962999,0.019329444,0.008312377,0.012171335
84,Nathan Myhrvold: Cut your food in half,07/05/2011,1450,335,192228,258,10M6S,sd,M,https://www.youtube.com/watch?v=-vo01ldlTQc,0.004543266,0.023476488,0.009015426,0.010025747
85,Ben Goldacre: Battling Bad Science,09/30/2011,10489,128,599615,612,14M20S,sd,M,https://www.youtube.com/watch?v=h4MhbkWJzKk,0.034151471,0.008926689,0.028666402,0.023835531
86,Melinda French Gates: What nonprofits can learn from Coca-Cola,10/12/2010,2072,313,280832,433,17M,sd,F,https://www.youtube.com/watch?v=GlUS6KE67Vs,0.006580693,0.021930133,0.013289385,0.016852618
87,The politics of fiction ,07/19/2010,5392,166,318553,331,20M16S,sd,F,https://www.youtube.com/watch?v=Zq7QPnqLoUk,0.017455706,0.011597666,0.015108919,0.012873527
88,Caroline Casey: Looking past limits,04/08/2011,6881,234,425935,467,19M18S,sd,F,https://www.youtube.com/watch?v=YyBk55G7Keo,0.022333083,0.016377311,0.020288664,0.018178981
89,Charmian Gooch: Meet global corruption's hidden players,07/08/2013,17586,629,871690,3430,14M28S,hd,F,https://www.youtube.com/watch?v=Nhx1_yXMwCg,0.057398448,0.044141421,0.041790384,0.133767652
90,The art of asking ,03/01/2013,98996,2400,5887785,4181,13M48S,hd,F,https://www.youtube.com/watch?v=xMj_P_6H69g,0.324065551,0.168623041,0.283749904,0.16306468
91,How to make stress your friend ,09/04/2013,156005,3120,10601755,3780,14M29S,hd,F,https://www.youtube.com/watch?v=RcGyVTAoXEU,0.510804587,0.21923104,0.511135933,0.147421393
92,10 things you didn't know about orgasm ,05/20/2009,80222,8035,13099282,5170,17M12S,sd,F,https://www.youtube.com/watch?v=7jx0dTYUO5E,0.26256932,0.564700921,0.631608219,0.201646251
93,Everything you think you know about addiction is wrong ,07/09/2015,190180,4200,7802432,12818,14M43S,hd,M,https://www.youtube.com/watch?v=PY9DcIMGxMs,0.62274843,0.295143038,0.376106024,0.5
94,If I should have a daughter ... ,03/21/2011,128650,1562,5856168,3537,18M29S,sd,F,https://www.youtube.com/watch?v=0snNB1yS3IE,0.421200379,0.109720953,0.282224807,0.137941796
95,The happy secret to better work ,02/01/2012,39842,611,3284903,877,12M21S,sd,M,https://www.youtube.com/watch?v=fLJsdqxnZb0,0.13030034,0.042876221,0.158195647,0.034173364
96,"Choice, happiness and spaghetti sauce ",01/16/2007,11760,368,1617342,590,18M16S,sd,M,https://www.youtube.com/watch?v=iIiAAhUeR6Y,0.038314766,0.025796022,0.077758123,0.022977296
97,Rethinking infidelity ... a talk for anyone who has ever loved ,05/21/2015,140585,5420,9236313,7927,21M31S,hd,F,https://www.youtube.com/watch?v=P2AUat93a8Q,0.460294739,0.38089548,0.445271612,0.30919872
98,Why does the universe exist? ,09/02/2014,58672,14228,6058731,21922,17M22S,hd,M,https://www.youtube.com/watch?v=zORUUqJd81M,0.191980006,1,0.291995763,0.855153312
99,Want to be happy? Be grateful ,11/27/2013,31673,1788,2569912,1413,14M31S,hd,M,https://www.youtube.com/watch?v=UtBsl3j0YRQ,0.103541913,0.125606242,0.123706891,0.055083093
100,The surprising science of happiness ,04/26/2012,30803,1308,3571276,1347,21M20S,sd,M,https://www.youtube.com/watch?v=4q1dgn_C0AU,0.100692136,0.091867576,0.172009316,0.052508387
